Name,Ablaufdatum,Kartentyp
Thea Test,03.3.2026,Standard
Tilo Torvitz,,gold
Torben Trost,,Goldkarte
Pippilotta Viktualia Rullgardina Krusmynta Efraimsdotter LÃ¥ngstrump,12.06.2026,Standard
Tamara Tsaregorodtseva,35.05.2040,Standard
Tom Thomasson,12.12.2027,All-Access
Torsten Tuchele,1.1.25,Goldkarte
Thea Test,03.3.2026,Standard
Tilo Torvitz,,gold
Torben Trost,,Goldkarte
Tina Tuchel,12.06.2026,Standard
Tamara Tsaregorodtseva,05.05.2040,Standard
Tom Thomasson,12.12.2027,Standard
Torsten Tuchele,1.1.25,Goldkarte
Thea Test,03.3.2026,Standard
Tilo Torvitz,,gold
Torben Trost,,Goldkarte
Tina Tuchel,12.06.2026,Standard
Tamara Tsaregorodtseva,05.05.2040,Standard
Tom Thomasson,12.12.2027,Standard
Torsten Tuchele,1.1.25,Goldkarte
Thea Test,03.3.2026,Standard
Tilo Torvitz,,gold
Torben Trost,,Goldkarte
Tina Tuchel,12.06.2026,Standard
Tamara Tsaregorodtseva,05.05.2040,Standard
Tom Thomasson,12.12.2027,Standard
Torsten Tuchele,1.1.25,Goldkarte
Thea Test,03.3.2026,Standard
Tilo Torvitz,,gold
Torben Trost,,Goldkarte
Tina Tuchel,12.06.2026,Standard
Tamara Tsaregorodtseva,05.05.2040,Standard
Tom Thomasson,12.12.2027,Standard
Torsten Tuchele,1.1.25,Goldkarte
Thea Test,03.3.2026,Standard
Tilo Torvitz,,gold
Torben Trost,,Goldkarte
Tina Tuchel,12.06.2026,Standard
Tamara Tsaregorodtseva,05.05.2040,Standard
Tom Thomasson,12.12.2027,Standard
Torsten Tuchele,1.1.25,Goldkarte
Thea Test,03.3.2026,Standard
Tilo Torvitz,,gold
Torben Trost,,Goldkarte
Tina Tuchel,12.06.2026,Standard
Tamara Tsaregorodtseva,05.05.2040,Standard
Tom Thomasson,12.12.2027,Standard
Torsten Tuchele,1.1.25,Goldkarte
Thea Test,03.3.2026,Standard
Tilo Torvitz,,gold
Torben Trost,,Goldkarte
Tina Tuchel,12.06.2026,Standard
Tamara Tsaregorodtseva,05.05.2040,Standard
Tom Thomasson,12.12.2027,Standard
Torsten Tuchele,1.1.25,Goldkarte
